{"cameraMode":{"drawMode":0,"name":"Shaded","section":"Shading Mode"},"sceneLighting":true,"audioPlay":false,"sceneViewState":{"showFog":true,"showMaterialUpdate":false,"showSkybox":true,"showFlares":true,"showImageEffects":true,"showParticleSystems":true},"in2DMode":false,"pivot":{"x":-3.388153314590454,"y":-2.5309550762176515,"z":-1.5082517862319947},"rotation":{"x":0.056777473539114,"y":-0.017986895516514779,"z":0.0008366953115910292,"w":0.9983119368553162},"size":11.274863243103028,"orthographic":false}